{
	"Important":[
		{
			"name": "Disable Analytics",
			"type": "checkbox",
			"functionName": "disableAnalytics",
			"params": []
		},
		{
			"name": "Disable Ranked Cup",
			"type": "checkbox",
			"functionName": "totalCupClearCount",
			"params": []
		}
	],
	"Hacks":[
		{
			"name": "Back-to-Back Frenzies",
			"type": "checkbox",
			"functionName": "backToBackFrenzy",
			"params": []
		},
		{
			"name": "Change All Items Top Shelf Level",
			"type": "input",
			"functionName": "changeEverythingShelfLevel",
			"width":3,
			"params": ["Level"]
		},
		{
			"name": "Change Dropped Coin Amount",
			"type": "input",
			"functionName": "avoidCoinDrop",
			"width":3,
			"params": ["Amount"]
		},
		{
			"name": "Change Frenzy Probablity",
			"type": "input",
			"functionName": "changeFrenzyProbability",
			"width":3,
			"params": ["Chance"]
		},
		{
			"name": "Cycle Items",
			"type": "input",
			"functionName": "cycleItemsFull",
			"width":3,
			"params": ["Mode", "Start Index"]
		},
		{
			"name": "Disable Error Popup",
			"type": "checkbox",
			"functionName": "disableErrorPopup",
			"params": []
		},
		{
			"name": "Disable Respawn Check",
			"type": "checkbox",
			"functionName": "displayTimer",
			"params": []
		},
		{
			"name": "End Race Immediately",
			"type": "checkbox",
			"functionName": "endChallengeQuickly",
			"params": []
		},
		{
			"name": "Enhanced Glide",
			"type": "input",
			"functionName": "enhancedGlide",
			"width":3,
			"params": ["Level"]
		},
		{
			"name": "Fast Item Roulette",
			"type": "checkbox",
			"functionName": "quickItemSlots",
			"params": []
		},
		{
			"name": "Freeze CPUs",
			"type": "checkbox",
			"functionName": "freezeCPU",
			"params": []
		},
		{
			"name": "Invisible CPUs",
			"type": "checkbox",
			"functionName": "invisibleCPU",
			"params": []
		},
		{
			"name": "Kart Balloons",
			"type": "checkbox",
			"functionName": "enableKartBalloons",
			"params": []
		},
		{
			"name": "Kart Speed",
			"type": "input",
			"functionName": "speedUp",
			"width":3,
			"params": ["Speed Multiplier"]
		},
		{
			"name": "Maximum Frenzy Limit",
			"type": "input",
			"functionName": "maxFeverCount",
			"width":3,
			"params": ["Count"]
		},
		{
			"name": "No Item Mode",
			"type": "checkbox",
			"functionName": "noItems",
			"params": []
		},
		{
			"name": "Reveal Hidden Premium Challenges",
			"type": "checkbox",
			"functionName": "hiddenPremiumSheets",
			"params": []
		},
		{
			"name": "Thunder To Star",
			"type": "checkbox",
			"functionName": "thunderToStar",
			"params": []
		},
		{
			"name": "Unlock 200cc",
			"type": "checkbox",
			"functionName": "unlock200CC",
			"params": []
		}
	],
	"Inventory":[
		{
			"name": "Change Amount",
			"type": "input",
			"functionName": "changeAmount",
			"width":3,
			"params": ["Amount"]
		},
		{
			"name": "Change Cost",
			"type": "input",
			"functionName": "changeCost",
			"width":3,
			"params": ["Cost"]
		},
		{
			"name": "Change Item ID",
			"type": "input",
			"functionName": "changeItemId",
			"width":3,
			"params": ["ID"]
		},
		{
			"name": "Enable Free Pipes",
			"type": "checkbox",
			"functionName": "enableFreePipes",
			"params": []
		},
		{
			"name": "Change Free Pipes",
			"type": "input",
			"functionName": "changeFreePipes",
			"width":15,
			"params": ["Pipe ID"]
		},
		{
			"name": "Give All Items in the Game",
			"type": "checkbox",
			"functionName": "giveItems",
			"params": []
		},
		{
			"name": "Complete All Challenge Cards",
			"type": "checkbox",
			"functionName": "completeChallenges",
			"params": []
		}
	],
	"Course":[
		{
			"name": "Change Map Object Size",
			"type": "input",
			"functionName": "mapObjectsSize",
			"width":3,
			"params": ["Scale"]
		},
		{
			"name": "Change Map Object Speed",
			"type": "input",
			"functionName": "mapObjectsSpeed",
			"width":3,
			"params": ["Speed"]
		},
		{
			"name": "Tour Cup Course Swap",
			"type": "input",
			"functionName": "tourCupCourseSwap",
			"width":25,
			"params": ["Course"]
		}
	],
	"UI":[
		{
			"name": "Disable Coin Count",
			"type": "checkbox",
			"functionName": "disableCoinCountUI",
			"params": []
		},
		{
			"name": "Disable Item Slots",
			"type": "checkbox",
			"functionName": "disableItemSlotsUI",
			"params": []
		},
		{
			"name": "Disable Item Ticket Button",
			"type": "checkbox",
			"functionName": "disableItemTicketUI",
			"params": []
		},
		{
			"name": "Disable Lap Counter",
			"type": "checkbox",
			"functionName": "disableLapCountUI",
			"params": []
		},
		{
			"name": "Disable Minimap",
			"type": "checkbox",
			"functionName": "disableMapUI",
			"params": []
		},
		{
			"name": "Disable Race Rank",
			"type": "checkbox",
			"functionName": "displayPlacementUI",
			"params": []
		},
		{
			"name": "Disable Steer Button",
			"type": "checkbox",
			"functionName": "disableSteerButton",
			"params": []
		},
		{
			"name": "Display Timer",
			"type": "checkbox",
			"functionName": "displayTimer",
			"params": []
		}
	],
	"Fun":[
		{
			"name": "Drivers Throw Animation Persist",
			"type": "checkbox",
			"functionName": "makeDriversHoldOutLeftArm",
			"params": []
		}
	],
	"Information":[
		{
			"name": "Dump Challenge JSON",
			"type": "checkbox",
			"functionName": "dumpEventJSON",
			"params": []
		},
		{
			"name": "Print Pipe Information",
			"type": "checkbox",
			"functionName": "printInjectionString",
			"params": []
		},
		{
			"name": "Log Analytics",
			"type": "checkbox",
			"functionName": "logAnalytics",
			"params": []
		}
	]
}